{
  "bias": {
    "ec:1a:59:83:28:11": 0.0,
    "ec:1a:59:79:f4:89": -1.0,
    "00:24:e4:11:18:a8": -2.0,
    "44:65:0d:56:cc:d3": -1.0,
    "f4:f2:6d:93:51:f1": 1.5,
    "00:16:6c:ab:6b:88": -1.0,
    "08:21:ef:3b:fc:e3": 0.0,
    "e0:76:d0:33:bb:85": 1.1,
    "70:ee:50:03:b8:ac": -0.3,
    "70:ee:50:18:34:43": -0.09999999999999998,
    "00:24:e4:1b:6f:96": -0.19999999999999996,
    "18:b4:30:25:be:e4": 0.0,
    "b4:ce:f6:a7:a3:c2": -0.8,
    "74:2f:68:81:69:42": 0.5,
    "d0:a6:37:df:a1:e1": -1.0,
    "74:6a:89:00:2e:25": 1.0,
    "70:5a:0f:e4:9b:c0": 0.0,
    "18:b7:9e:02:20:44": 0.10000000000000009,
    "50:c7:bf:00:56:39": 0.40000000000000013,
    "30:8c:fb:2f:e4:b2": 0.0,
    "d0:52:a8:00:67:5e": -2.0,
    "ac:bc:32:d4:6f:2f": -0.19999999999999996,
    "00:24:e4:20:28:c6": -0.09999999999999987,
    "74:c6:3b:29:d7:1d": 0.0,
    "d0:73:d5:01:83:08": -1.2,
    "00:62:6e:51:27:2e": 1.0,
    "e8:ab:fa:19:de:4f": 0.0,
    "40:f3:08:ff:1e:da": 0.40000000000000013,
    "f4:5c:89:93:cc:85": 0.0,
    "00:24:e4:10:ee:4c": 0.0,
    "30:8c:fb:b6:ea:45": 0.9000000000000001
  },
  "val_weighted": 0.9463854611430761,
  "test_weighted": 0.9520492630764945,
  "test_macro": 0.4626862526700201,
  "source": "analysis/finetune_full_cw/ensemble_results/additive_bias_best.json"
}
